hanja,hangul,source
一,일,xetexko-hanja_hangul.tab
右,우,xetexko-hanja_hangul.tab
雨,우,xetexko-hanja_hangul.tab
円,엔,xetexko-hanja_hangul.tab
王,왕,xetexko-hanja_hangul.tab
音,음,xetexko-hanja_hangul.tab
下,하,xetexko-hanja_hangul.tab
火,화,xetexko-hanja_hangul.tab
花,화,xetexko-hanja_hangul.tab
貝,패,xetexko-hanja_hangul.tab
学,학,xetexko-hanja_hangul.tab
気,기,xetexko-hanja_hangul.tab
九,구,xetexko-hanja_hangul.tab
休,휴,xetexko-hanja_hangul.tab
玉,옥,xetexko-hanja_hangul.tab
金,김,xetexko-hanja_hangul.tab
空,공,xetexko-hanja_hangul.tab
月,월,xetexko-hanja_hangul.tab
犬,견,xetexko-hanja_hangul.tab
見,견,xetexko-hanja_hangul.tab
口,구,xetexko-hanja_hangul.tab
校,교,xetexko-hanja_hangul.tab
左,좌,xetexko-hanja_hangul.tab
三,삼,xetexko-hanja_hangul.tab
山,산,xetexko-hanja_hangul.tab
子,자,xetexko-hanja_hangul.tab
四,사,xetexko-hanja_hangul.tab
糸,멱,xetexko-hanja_hangul.tab
字,자,xetexko-hanja_hangul.tab
耳,이,xetexko-hanja_hangul.tab
七,칠,xetexko-hanja_hangul.tab
車,차,xetexko-hanja_hangul.tab
手,수,xetexko-hanja_hangul.tab
十,십,xetexko-hanja_hangul.tab
出,출,xetexko-hanja_hangul.tab
女,여,xetexko-hanja_hangul.tab
小,소,xetexko-hanja_hangul.tab
上,상,xetexko-hanja_hangul.tab
森,삼,xetexko-hanja_hangul.tab
人,인,xetexko-hanja_hangul.tab
水,수,xetexko-hanja_hangul.tab
正,정,xetexko-hanja_hangul.tab
生,생,xetexko-hanja_hangul.tab
青,청,xetexko-hanja_hangul.tab
夕,석,xetexko-hanja_hangul.tab
石,석,xetexko-hanja_hangul.tab
赤,적,xetexko-hanja_hangul.tab
千,천,xetexko-hanja_hangul.tab
川,천,xetexko-hanja_hangul.tab
先,선,xetexko-hanja_hangul.tab
早,조,xetexko-hanja_hangul.tab
草,초,xetexko-hanja_hangul.tab
足,족,xetexko-hanja_hangul.tab
村,촌,xetexko-hanja_hangul.tab
大,대,xetexko-hanja_hangul.tab
男,남,xetexko-hanja_hangul.tab
竹,죽,xetexko-hanja_hangul.tab
中,중,xetexko-hanja_hangul.tab
虫,훼,xetexko-hanja_hangul.tab
町,정,xetexko-hanja_hangul.tab
天,천,xetexko-hanja_hangul.tab
田,전,xetexko-hanja_hangul.tab
土,토,xetexko-hanja_hangul.tab
二,이,xetexko-hanja_hangul.tab
日,일,xetexko-hanja_hangul.tab
入,입,xetexko-hanja_hangul.tab
年,연,xetexko-hanja_hangul.tab
白,백,xetexko-hanja_hangul.tab
八,팔,xetexko-hanja_hangul.tab
百,백,xetexko-hanja_hangul.tab
文,문,xetexko-hanja_hangul.tab
木,목,xetexko-hanja_hangul.tab
本,본,xetexko-hanja_hangul.tab
名,명,xetexko-hanja_hangul.tab
目,목,xetexko-hanja_hangul.tab
立,입,xetexko-hanja_hangul.tab
力,역,xetexko-hanja_hangul.tab
林,임,xetexko-hanja_hangul.tab
六,육,xetexko-hanja_hangul.tab
五,오,xetexko-hanja_hangul.tab
引,인,xetexko-hanja_hangul.tab
羽,우,xetexko-hanja_hangul.tab
雲,운,xetexko-hanja_hangul.tab
園,원,xetexko-hanja_hangul.tab
遠,원,xetexko-hanja_hangul.tab
何,하,xetexko-hanja_hangul.tab
科,과,xetexko-hanja_hangul.tab
夏,하,xetexko-hanja_hangul.tab
家,가,xetexko-hanja_hangul.tab
歌,가,xetexko-hanja_hangul.tab
画,화,xetexko-hanja_hangul.tab
回,회,xetexko-hanja_hangul.tab
会,회,xetexko-hanja_hangul.tab
海,해,xetexko-hanja_hangul.tab
絵,회,xetexko-hanja_hangul.tab
外,외,xetexko-hanja_hangul.tab
角,각,xetexko-hanja_hangul.tab
楽,악,xetexko-hanja_hangul.tab
活,활,xetexko-hanja_hangul.tab
間,간,xetexko-hanja_hangul.tab
丸,환,xetexko-hanja_hangul.tab
岩,암,xetexko-hanja_hangul.tab
顔,안,xetexko-hanja_hangul.tab
汽,기,xetexko-hanja_hangul.tab
記,기,xetexko-hanja_hangul.tab
帰,귀,xetexko-hanja_hangul.tab
弓,궁,xetexko-hanja_hangul.tab
牛,우,xetexko-hanja_hangul.tab
魚,어,xetexko-hanja_hangul.tab
京,경,xetexko-hanja_hangul.tab
強,강,xetexko-hanja_hangul.tab
教,교,xetexko-hanja_hangul.tab
近,근,xetexko-hanja_hangul.tab
兄,형,xetexko-hanja_hangul.tab
形,형,xetexko-hanja_hangul.tab
計,계,xetexko-hanja_hangul.tab
元,원,xetexko-hanja_hangul.tab
言,언,xetexko-hanja_hangul.tab
原,원,xetexko-hanja_hangul.tab
戸,호,xetexko-hanja_hangul.tab
古,고,xetexko-hanja_hangul.tab
午,오,xetexko-hanja_hangul.tab
後,후,xetexko-hanja_hangul.tab
語,어,xetexko-hanja_hangul.tab
工,공,xetexko-hanja_hangul.tab
公,공,xetexko-hanja_hangul.tab
広,광,xetexko-hanja_hangul.tab
交,교,xetexko-hanja_hangul.tab
光,광,xetexko-hanja_hangul.tab
考,고,xetexko-hanja_hangul.tab
行,행,xetexko-hanja_hangul.tab
高,고,xetexko-hanja_hangul.tab
黄,황,xetexko-hanja_hangul.tab
合,합,xetexko-hanja_hangul.tab
谷,곡,xetexko-hanja_hangul.tab
国,국,xetexko-hanja_hangul.tab
黒,흑,xetexko-hanja_hangul.tab
今,금,xetexko-hanja_hangul.tab
才,재,xetexko-hanja_hangul.tab
細,세,xetexko-hanja_hangul.tab
作,작,xetexko-hanja_hangul.tab
算,산,xetexko-hanja_hangul.tab
止,지,xetexko-hanja_hangul.tab
市,시,xetexko-hanja_hangul.tab
矢,시,xetexko-hanja_hangul.tab
姉,자,xetexko-hanja_hangul.tab
思,사,xetexko-hanja_hangul.tab
紙,지,xetexko-hanja_hangul.tab
寺,사,xetexko-hanja_hangul.tab
自,자,xetexko-hanja_hangul.tab
時,시,xetexko-hanja_hangul.tab
室,실,xetexko-hanja_hangul.tab
社,사,xetexko-hanja_hangul.tab
弱,약,xetexko-hanja_hangul.tab
首,수,xetexko-hanja_hangul.tab
秋,추,xetexko-hanja_hangul.tab
週,주,xetexko-hanja_hangul.tab
春,춘,xetexko-hanja_hangul.tab
書,서,xetexko-hanja_hangul.tab
少,소,xetexko-hanja_hangul.tab
場,장,xetexko-hanja_hangul.tab
色,색,xetexko-hanja_hangul.tab
食,식,xetexko-hanja_hangul.tab
心,심,xetexko-hanja_hangul.tab
新,신,xetexko-hanja_hangul.tab
親,친,xetexko-hanja_hangul.tab
図,도,xetexko-hanja_hangul.tab
数,수,xetexko-hanja_hangul.tab
西,서,xetexko-hanja_hangul.tab
声,성,xetexko-hanja_hangul.tab
星,성,xetexko-hanja_hangul.tab
晴,청,xetexko-hanja_hangul.tab
切,절,xetexko-hanja_hangul.tab
雪,설,xetexko-hanja_hangul.tab
船,선,xetexko-hanja_hangul.tab
線,선,xetexko-hanja_hangul.tab
前,전,xetexko-hanja_hangul.tab
組,조,xetexko-hanja_hangul.tab
走,주,xetexko-hanja_hangul.tab
多,다,xetexko-hanja_hangul.tab
太,태,xetexko-hanja_hangul.tab
体,체,xetexko-hanja_hangul.tab
台,태,xetexko-hanja_hangul.tab
地,지,xetexko-hanja_hangul.tab
池,지,xetexko-hanja_hangul.tab
知,지,xetexko-hanja_hangul.tab
茶,다,xetexko-hanja_hangul.tab
昼,주,xetexko-hanja_hangul.tab
長,장,xetexko-hanja_hangul.tab
鳥,조,xetexko-hanja_hangul.tab
朝,조,xetexko-hanja_hangul.tab
直,직,xetexko-hanja_hangul.tab
通,통,xetexko-hanja_hangul.tab
弟,제,xetexko-hanja_hangul.tab
店,점,xetexko-hanja_hangul.tab
点,점,xetexko-hanja_hangul.tab
電,전,xetexko-hanja_hangul.tab
刀,도,xetexko-hanja_hangul.tab
冬,동,xetexko-hanja_hangul.tab
当,당,xetexko-hanja_hangul.tab
東,동,xetexko-hanja_hangul.tab
答,답,xetexko-hanja_hangul.tab
頭,두,xetexko-hanja_hangul.tab
同,동,xetexko-hanja_hangul.tab
道,도,xetexko-hanja_hangul.tab
読,독,xetexko-hanja_hangul.tab
内,내,xetexko-hanja_hangul.tab
南,남,xetexko-hanja_hangul.tab
肉,육,xetexko-hanja_hangul.tab
馬,마,xetexko-hanja_hangul.tab
売,매,xetexko-hanja_hangul.tab
買,매,xetexko-hanja_hangul.tab
麦,맥,xetexko-hanja_hangul.tab
半,반,xetexko-hanja_hangul.tab
番,번,xetexko-hanja_hangul.tab
父,부,xetexko-hanja_hangul.tab
風,풍,xetexko-hanja_hangul.tab
分,분,xetexko-hanja_hangul.tab
聞,문,xetexko-hanja_hangul.tab
米,미,xetexko-hanja_hangul.tab
歩,보,xetexko-hanja_hangul.tab
母,모,xetexko-hanja_hangul.tab
方,방,xetexko-hanja_hangul.tab
北,북,xetexko-hanja_hangul.tab
毎,매,xetexko-hanja_hangul.tab
妹,매,xetexko-hanja_hangul.tab
万,만,xetexko-hanja_hangul.tab
明,명,xetexko-hanja_hangul.tab
鳴,명,xetexko-hanja_hangul.tab
毛,모,xetexko-hanja_hangul.tab
門,문,xetexko-hanja_hangul.tab
夜,야,xetexko-hanja_hangul.tab
野,야,xetexko-hanja_hangul.tab
友,우,xetexko-hanja_hangul.tab
用,용,xetexko-hanja_hangul.tab
曜,요,xetexko-hanja_hangul.tab
来,래,xetexko-hanja_hangul.tab
里,이,xetexko-hanja_hangul.tab
理,이,xetexko-hanja_hangul.tab
話,화,xetexko-hanja_hangul.tab
悪,악,xetexko-hanja_hangul.tab
安,안,xetexko-hanja_hangul.tab
暗,암,xetexko-hanja_hangul.tab
医,의,xetexko-hanja_hangul.tab
委,위,xetexko-hanja_hangul.tab
意,의,xetexko-hanja_hangul.tab
育,육,xetexko-hanja_hangul.tab
員,원,xetexko-hanja_hangul.tab
院,원,xetexko-hanja_hangul.tab
飲,음,xetexko-hanja_hangul.tab
運,운,xetexko-hanja_hangul.tab
泳,영,xetexko-hanja_hangul.tab
駅,역,xetexko-hanja_hangul.tab
央,앙,xetexko-hanja_hangul.tab
横,횡,xetexko-hanja_hangul.tab
屋,옥,xetexko-hanja_hangul.tab
温,온,xetexko-hanja_hangul.tab
化,화,xetexko-hanja_hangul.tab
荷,하,xetexko-hanja_hangul.tab
界,계,xetexko-hanja_hangul.tab
開,개,xetexko-hanja_hangul.tab
階,계,xetexko-hanja_hangul.tab
寒,한,xetexko-hanja_hangul.tab
感,감,xetexko-hanja_hangul.tab
漢,한,xetexko-hanja_hangul.tab
館,관,xetexko-hanja_hangul.tab
岸,안,xetexko-hanja_hangul.tab
起,기,xetexko-hanja_hangul.tab
期,기,xetexko-hanja_hangul.tab
客,객,xetexko-hanja_hangul.tab
究,구,xetexko-hanja_hangul.tab
急,급,xetexko-hanja_hangul.tab
級,급,xetexko-hanja_hangul.tab
宮,궁,xetexko-hanja_hangul.tab
球,구,xetexko-hanja_hangul.tab
去,거,xetexko-hanja_hangul.tab
橋,교,xetexko-hanja_hangul.tab
業,업,xetexko-hanja_hangul.tab
曲,곡,xetexko-hanja_hangul.tab
局,국,xetexko-hanja_hangul.tab
銀,은,xetexko-hanja_hangul.tab
区,구,xetexko-hanja_hangul.tab
苦,고,xetexko-hanja_hangul.tab
具,구,xetexko-hanja_hangul.tab
君,군,xetexko-hanja_hangul.tab
係,계,xetexko-hanja_hangul.tab
軽,경,xetexko-hanja_hangul.tab
血,혈,xetexko-hanja_hangul.tab
決,결,xetexko-hanja_hangul.tab
研,연,xetexko-hanja_hangul.tab
県,현,xetexko-hanja_hangul.tab
庫,고,xetexko-hanja_hangul.tab
湖,호,xetexko-hanja_hangul.tab
向,향,xetexko-hanja_hangul.tab
幸,행,xetexko-hanja_hangul.tab
港,항,xetexko-hanja_hangul.tab
号,호,xetexko-hanja_hangul.tab
根,근,xetexko-hanja_hangul.tab
祭,제,xetexko-hanja_hangul.tab
皿,명,xetexko-hanja_hangul.tab
仕,사,xetexko-hanja_hangul.tab
死,사,xetexko-hanja_hangul.tab
使,사,xetexko-hanja_hangul.tab
始,시,xetexko-hanja_hangul.tab
指,지,xetexko-hanja_hangul.tab
歯,치,xetexko-hanja_hangul.tab
詩,시,xetexko-hanja_hangul.tab
次,차,xetexko-hanja_hangul.tab
事,사,xetexko-hanja_hangul.tab
持,지,xetexko-hanja_hangul.tab
式,식,xetexko-hanja_hangul.tab
実,실,xetexko-hanja_hangul.tab
写,사,xetexko-hanja_hangul.tab
者,자,xetexko-hanja_hangul.tab
主,주,xetexko-hanja_hangul.tab
守,수,xetexko-hanja_hangul.tab
取,취,xetexko-hanja_hangul.tab
酒,주,xetexko-hanja_hangul.tab
受,수,xetexko-hanja_hangul.tab
州,주,xetexko-hanja_hangul.tab
拾,습,xetexko-hanja_hangul.tab
終,종,xetexko-hanja_hangul.tab
習,습,xetexko-hanja_hangul.tab
集,집,xetexko-hanja_hangul.tab
住,주,xetexko-hanja_hangul.tab
重,중,xetexko-hanja_hangul.tab
宿,숙,xetexko-hanja_hangul.tab
所,소,xetexko-hanja_hangul.tab
暑,서,xetexko-hanja_hangul.tab
助,조,xetexko-hanja_hangul.tab
昭,소,xetexko-hanja_hangul.tab
消,소,xetexko-hanja_hangul.tab
商,상,xetexko-hanja_hangul.tab
章,장,xetexko-hanja_hangul.tab
勝,승,xetexko-hanja_hangul.tab
乗,승,xetexko-hanja_hangul.tab
植,식,xetexko-hanja_hangul.tab
申,신,xetexko-hanja_hangul.tab
身,신,xetexko-hanja_hangul.tab
神,신,xetexko-hanja_hangul.tab
真,진,xetexko-hanja_hangul.tab
深,심,xetexko-hanja_hangul.tab
進,진,xetexko-hanja_hangul.tab
世,세,xetexko-hanja_hangul.tab
整,정,xetexko-hanja_hangul.tab
昔,석,xetexko-hanja_hangul.tab
全,전,xetexko-hanja_hangul.tab
相,상,xetexko-hanja_hangul.tab
送,송,xetexko-hanja_hangul.tab
想,상,xetexko-hanja_hangul.tab
息,식,xetexko-hanja_hangul.tab
速,속,xetexko-hanja_hangul.tab
族,족,xetexko-hanja_hangul.tab
他,타,xetexko-hanja_hangul.tab
打,타,xetexko-hanja_hangul.tab
対,대,xetexko-hanja_hangul.tab
待,대,xetexko-hanja_hangul.tab
代,대,xetexko-hanja_hangul.tab
第,제,xetexko-hanja_hangul.tab
題,제,xetexko-hanja_hangul.tab
炭,탄,xetexko-hanja_hangul.tab
短,단,xetexko-hanja_hangul.tab
談,담,xetexko-hanja_hangul.tab
着,착,xetexko-hanja_hangul.tab
注,주,xetexko-hanja_hangul.tab
柱,주,xetexko-hanja_hangul.tab
丁,정,xetexko-hanja_hangul.tab
帳,장,xetexko-hanja_hangul.tab
調,조,xetexko-hanja_hangul.tab
追,추,xetexko-hanja_hangul.tab
定,정,xetexko-hanja_hangul.tab
庭,정,xetexko-hanja_hangul.tab
笛,적,xetexko-hanja_hangul.tab
鉄,철,xetexko-hanja_hangul.tab
転,전,xetexko-hanja_hangul.tab
都,도,xetexko-hanja_hangul.tab
度,도,xetexko-hanja_hangul.tab
投,투,xetexko-hanja_hangul.tab
豆,두,xetexko-hanja_hangul.tab
島,도,xetexko-hanja_hangul.tab
湯,탕,xetexko-hanja_hangul.tab
登,등,xetexko-hanja_hangul.tab
等,등,xetexko-hanja_hangul.tab
動,동,xetexko-hanja_hangul.tab
童,동,xetexko-hanja_hangul.tab
農,농,xetexko-hanja_hangul.tab
波,파,xetexko-hanja_hangul.tab
配,배,xetexko-hanja_hangul.tab
倍,배,xetexko-hanja_hangul.tab
箱,상,xetexko-hanja_hangul.tab
畑,전,xetexko-hanja_hangul.tab
発,발,xetexko-hanja_hangul.tab
反,반,xetexko-hanja_hangul.tab
坂,판,xetexko-hanja_hangul.tab
板,판,xetexko-hanja_hangul.tab
皮,피,xetexko-hanja_hangul.tab
悲,비,xetexko-hanja_hangul.tab
美,미,xetexko-hanja_hangul.tab
鼻,비,xetexko-hanja_hangul.tab
筆,필,xetexko-hanja_hangul.tab
氷,빙,xetexko-hanja_hangul.tab
表,표,xetexko-hanja_hangul.tab
秒,초,xetexko-hanja_hangul.tab
病,병,xetexko-hanja_hangul.tab
品,품,xetexko-hanja_hangul.tab
負,부,xetexko-hanja_hangul.tab
部,부,xetexko-hanja_hangul.tab
服,복,xetexko-hanja_hangul.tab
福,복,xetexko-hanja_hangul.tab
物,물,xetexko-hanja_hangul.tab
平,평,xetexko-hanja_hangul.tab
返,반,xetexko-hanja_hangul.tab
勉,면,xetexko-hanja_hangul.tab
放,방,xetexko-hanja_hangul.tab
味,미,xetexko-hanja_hangul.tab
命,명,xetexko-hanja_hangul.tab
面,면,xetexko-hanja_hangul.tab
問,문,xetexko-hanja_hangul.tab
役,역,xetexko-hanja_hangul.tab
薬,약,xetexko-hanja_hangul.tab
由,유,xetexko-hanja_hangul.tab
油,유,xetexko-hanja_hangul.tab
有,유,xetexko-hanja_hangul.tab
遊,유,xetexko-hanja_hangul.tab
予,여,xetexko-hanja_hangul.tab
羊,양,xetexko-hanja_hangul.tab
洋,양,xetexko-hanja_hangul.tab
葉,엽,xetexko-hanja_hangul.tab
陽,양,xetexko-hanja_hangul.tab
様,양,xetexko-hanja_hangul.tab
落,낙,xetexko-hanja_hangul.tab
流,유,xetexko-hanja_hangul.tab
旅,여,xetexko-hanja_hangul.tab
両,량,xetexko-hanja_hangul.tab
緑,록,xetexko-hanja_hangul.tab
礼,례,xetexko-hanja_hangul.tab
列,열,xetexko-hanja_hangul.tab
練,연,xetexko-hanja_hangul.tab
路,노,xetexko-hanja_hangul.tab
和,화,xetexko-hanja_hangul.tab
象,상,xetexko-hanja_hangul.tab
胆,단,xetexko-hanja_hangul.tab
凶,흉,xetexko-hanja_hangul.tab
笑,소,xetexko-hanja_hangul.tab
担,단,xetexko-hanja_hangul.tab
菅,관,xetexko-hanja_hangul.tab
河,하,xetexko-hanja_hangul.tab
製,제,xetexko-hanja_hangul.tab
版,판,xetexko-hanja_hangul.tab
設,설,xetexko-hanja_hangul.tab
示,시,xetexko-hanja_hangul.tab
験,험,xetexko-hanja_hangul.tab
未,미,xetexko-hanja_hangul.tab
各,각,xetexko-hanja_hangul.tab
種,종,xetexko-hanja_hangul.tab
攻,공,xetexko-hanja_hangul.tab
撃,격,xetexko-hanja_hangul.tab
込,입,xetexko-hanja_hangul.tab
移,이,xetexko-hanja_hangul.tab
押,압,xetexko-hanja_hangul.tab
辺,변,xetexko-hanja_hangul.tab
幅,폭,xetexko-hanja_hangul.tab
質,질,xetexko-hanja_hangul.tab
量,양,xetexko-hanja_hangul.tab
解,해,xetexko-hanja_hangul.tab
除,제,xetexko-hanja_hangul.tab
駒,구,xetexko-hanja_hangul.tab
座,좌,xetexko-hanja_hangul.tab
標,표,xetexko-hanja_hangul.tab
軸,축,xetexko-hanja_hangul.tab
非,비,xetexko-hanja_hangul.tab
値,치,xetexko-hanja_hangul.tab
簡,간,xetexko-hanja_hangul.tab
易,역,xetexko-hanja_hangul.tab
初,초,xetexko-hanja_hangul.tab
保,보,xetexko-hanja_hangul.tab
存,존,xetexko-hanja_hangul.tab
般,반,xetexko-hanja_hangul.tab
専,부,xetexko-hanja_hangul.tab
型,형,xetexko-hanja_hangul.tab
欠,흠,xetexko-hanja_hangul.tab
戦,전,xetexko-hanja_hangul.tab
闘,투,xetexko-hanja_hangul.tab
機,기,xetexko-hanja_hangul.tab
武,무,xetexko-hanja_hangul.tab
敵,적,xetexko-hanja_hangul.tab
宇,우,xetexko-hanja_hangul.tab
宙,주,xetexko-hanja_hangul.tab
域,역,xetexko-hanja_hangul.tab
砂,사,xetexko-hanja_hangul.tab
浜,빈,xetexko-hanja_hangul.tab
圏,권,xetexko-hanja_hangul.tab
底,저,xetexko-hanja_hangul.tab
層,층,xetexko-hanja_hangul.tab
漠,막,xetexko-hanja_hangul.tab
廃,폐,xetexko-hanja_hangul.tab
墟,허,xetexko-hanja_hangul.tab
雷,뇌,xetexko-hanja_hangul.tab
現,현,xetexko-hanja_hangul.tab
拠,거,xetexko-hanja_hangul.tab
操,조,xetexko-hanja_hangul.tab
要,요,xetexko-hanja_hangul.tab
塞,새,xetexko-hanja_hangul.tab
荒,황,xetexko-hanja_hangul.tab
隕,운,xetexko-hanja_hangul.tab
帯,대,xetexko-hanja_hangul.tab
基,기,xetexko-hanja_hangul.tab
脈,맥,xetexko-hanja_hangul.tab
舎,사,xetexko-hanja_hangul.tab
衛,위,xetexko-hanja_hangul.tab
確,확,xetexko-hanja_hangul.tab
認,인,xetexko-hanja_hangul.tab
選,선,xetexko-hanja_hangul.tab
択,택,xetexko-hanja_hangul.tab
修,수,xetexko-hanja_hangul.tab
彗,혜,xetexko-hanja_hangul.tab
颯,삽,xetexko-hanja_hangul.tab
達,달,xetexko-hanja_hangul.tab
変,변,xetexko-hanja_hangul.tab
更,경,xetexko-hanja_hangul.tab
編,편,xetexko-hanja_hangul.tab
関,관,xetexko-hanja_hangul.tab
情,정,xetexko-hanja_hangul.tab
報,보,xetexko-hanja_hangul.tab
説,설,xetexko-hanja_hangul.tab
聴,청,xetexko-hanja_hangul.tab
振,진,xetexko-hanja_hangul.tab
替,체,xetexko-hanja_hangul.tab
英,영,xetexko-hanja_hangul.tab
以,이,xetexko-hanja_hangul.tab
降,강,xetexko-hanja_hangul.tab
処,처,xetexko-hanja_hangul.tab
刻,각,xetexko-hanja_hangul.tab
残,잔,xetexko-hanja_hangul.tab
削,삭,xetexko-hanja_hangul.tab
録,록,xetexko-hanja_hangul.tab
成,성,xetexko-hanja_hangul.tab
源,원,xetexko-hanja_hangul.tab
沿,연,xetexko-hanja_hangul.tab
利,이,xetexko-hanja_hangul.tab
了,요,xetexko-hanja_hangul.tab
側,측,xetexko-hanja_hangul.tab
再,재,xetexko-hanja_hangul.tab
停,정,xetexko-hanja_hangul.tab
戻,태,xetexko-hanja_hangul.tab
窮,궁,xetexko-hanja_hangul.tab
爽,상,xetexko-hanja_hangul.tab
恐,공,xetexko-hanja_hangul.tab
怖,포,xetexko-hanja_hangul.tab
塗,도,xetexko-hanja_hangul.tab
準,준,xetexko-hanja_hangul.tab
備,비,xetexko-hanja_hangul.tab
徹,철,xetexko-hanja_hangul.tab
抗,항,xetexko-hanja_hangul.tab
義,의,xetexko-hanja_hangul.tab
危,위,xetexko-hanja_hangul.tab
潜,잠,xetexko-hanja_hangul.tab
襲,습,xetexko-hanja_hangul.tab
誓,서,xetexko-hanja_hangul.tab
厳,엄,xetexko-hanja_hangul.tab
然,연,xetexko-hanja_hangul.tab
常,상,xetexko-hanja_hangul.tab
伏,복,xetexko-hanja_hangul.tab
兵,병,xetexko-hanja_hangul.tab
態,태,xetexko-hanja_hangul.tab
勢,세,xetexko-hanja_hangul.tab
能,능,xetexko-hanja_hangul.tab
軍,군,xetexko-hanja_hangul.tab
群,군,xetexko-hanja_hangul.tab
街,가,xetexko-hanja_hangul.tab
岳,악,xetexko-hanja_hangul.tab
欧,구,xetexko-hanja_hangul.tab
互,호,xetexko-hanja_hangul.tab
的,적,xetexko-hanja_hangul.tab
在,재,xetexko-hanja_hangul.tab
状,상,xetexko-hanja_hangul.tab
況,황,xetexko-hanja_hangul.tab
枠,화,xetexko-hanja_hangul.tab
印,인,xetexko-hanja_hangul.tab
範,범,xetexko-hanja_hangul.tab
囲,위,xetexko-hanja_hangul.tab
連,연,xetexko-hanja_hangul.tab
加,가,xetexko-hanja_hangul.tab
性,성,xetexko-hanja_hangul.tab
効,효,xetexko-hanja_hangul.tab
得,득,xetexko-hanja_hangul.tab
低,저,xetexko-hanja_hangul.tab
済,제,xetexko-hanja_hangul.tab
艦,함,xetexko-hanja_hangul.tab
隊,대,xetexko-hanja_hangul.tab
礁,초,xetexko-hanja_hangul.tab
建,건,xetexko-hanja_hangul.tab
影,영,xetexko-hanja_hangul.tab
無,무,xetexko-hanja_hangul.tab
陸,육,xetexko-hanja_hangul.tab
燃,연,xetexko-hanja_hangul.tab
飛,비,xetexko-hanja_hangul.tab
爆,폭,xetexko-hanja_hangul.tab
巻,권,xetexko-hanja_hangul.tab
倒,도,xetexko-hanja_hangul.tab
破,파,xetexko-hanja_hangul.tab
墜,추,xetexko-hanja_hangul.tab
団,단,xetexko-hanja_hangul.tab
克,극,xetexko-hanja_hangul.tab
積,적,xetexko-hanja_hangul.tab
最,최,xetexko-hanja_hangul.tab
巨,거,xetexko-hanja_hangul.tab
防,방,xetexko-hanja_hangul.tab
御,어,xetexko-hanja_hangul.tab
試,시,xetexko-hanja_hangul.tab
構,구,xetexko-hanja_hangul.tab
抜,발,xetexko-hanja_hangul.tab
周,주,xetexko-hanja_hangul.tab
滅,멸,xetexko-hanja_hangul.tab
測,측,xetexko-hanja_hangul.tab
器,기,xetexko-hanja_hangul.tab
突,돌,xetexko-hanja_hangul.tab
射,사,xetexko-hanja_hangul.tab
士,사,xetexko-hanja_hangul.tab
虎,호,xetexko-hanja_hangul.tab
迎,영,xetexko-hanja_hangul.tab
奪,탈,xetexko-hanja_hangul.tab
格,격,xetexko-hanja_hangul.tab
禁,금,xetexko-hanja_hangul.tab
誰,수,xetexko-hanja_hangul.tab
旧,구,xetexko-hanja_hangul.tab
搭,탑,xetexko-hanja_hangul.tab
断,단,xetexko-hanja_hangul.tab
狙,저,xetexko-hanja_hangul.tab
視,시,xetexko-hanja_hangul.tab
避,피,xetexko-hanja_hangul.tab
支,지,xetexko-hanja_hangul.tab
援,원,xetexko-hanja_hangul.tab
占,점,xetexko-hanja_hangul.tab
領,영,xetexko-hanja_hangul.tab
乱,란,xetexko-hanja_hangul.tab
陣,진,xetexko-hanja_hangul.tab
閉,폐,xetexko-hanja_hangul.tab
敗,패,xetexko-hanja_hangul.tab
隠,은,xetexko-hanja_hangul.tab
個,개,xetexko-hanja_hangul.tab
張,장,xetexko-hanja_hangul.tab
衰,쇠,xetexko-hanja_hangul.tab
粘,점,xetexko-hanja_hangul.tab
覧,람,xetexko-hanja_hangul.tab
必,필,xetexko-hanja_hangul.tab
容,용,xetexko-hanja_hangul.tab
制,제,xetexko-hanja_hangul.tab
限,한,xetexko-hanja_hangul.tab
応,응,xetexko-hanja_hangul.tab
失,실,xetexko-hanja_hangul.tab
可,가,xetexko-hanja_hangul.tab
不,부,xetexko-hanja_hangul.tab
鑑,감,xetexko-hanja_hangul.tab
賞,상,xetexko-hanja_hangul.tab
頑,완,xetexko-hanja_hangul.tab
丈,장,xetexko-hanja_hangul.tab
特,특,xetexko-hanja_hangul.tab
殊,수,xetexko-hanja_hangul.tab
採,채,xetexko-hanja_hangul.tab
載,재,xetexko-hanja_hangul.tab
優,우,xetexko-hanja_hangul.tab
距,거,xetexko-hanja_hangul.tab
離,이,xetexko-hanja_hangul.tab
装,장,xetexko-hanja_hangul.tab
甲,갑,xetexko-hanja_hangul.tab
接,접,xetexko-hanja_hangul.tab
仲,중,xetexko-hanja_hangul.tab
護,호,xetexko-hanja_hangul.tab
程,정,xetexko-hanja_hangul.tab
脚,각,xetexko-hanja_hangul.tab
砲,포,xetexko-hanja_hangul.tab
衝,충,xetexko-hanja_hangul.tab
果,과,xetexko-hanja_hangul.tab
産,산,xetexko-hanja_hangul.tab
改,개,xetexko-hanja_hangul.tab
良,양,xetexko-hanja_hangul.tab
躍,약,xetexko-hanja_hangul.tab
導,도,xetexko-hanja_hangul.tab
姿,자,xetexko-hanja_hangul.tab
耐,내,xetexko-hanja_hangul.tab
弾,탄,xetexko-hanja_hangul.tab
圧,압,xetexko-hanja_hangul.tab
誇,과,xetexko-hanja_hangul.tab
粒,입,xetexko-hanja_hangul.tab
争,쟁,xetexko-hanja_hangul.tab
径,경,xetexko-hanja_hangul.tab
核,핵,xetexko-hanja_hangul.tab
昇,승,xetexko-hanja_hangul.tab
施,시,xetexko-hanja_hangul.tab
揮,휘,xetexko-hanja_hangul.tab
官,관,xetexko-hanja_hangul.tab
佐,좌,xetexko-hanja_hangul.tab
肩,견,xetexko-hanja_hangul.tab
徴,징,xetexko-hanja_hangul.tab
豊,풍,xetexko-hanja_hangul.tab
富,부,xetexko-hanja_hangul.tab
威,위,xetexko-hanja_hangul.tab
秀,수,xetexko-hanja_hangul.tab
候,후,xetexko-hanja_hangul.tab
補,보,xetexko-hanja_hangul.tab
侵,침,xetexko-hanja_hangul.tab
狭,협,xetexko-hanja_hangul.tab
頼,뢰,xetexko-hanja_hangul.tab
術,술,xetexko-hanja_hangul.tab
推,추,xetexko-hanja_hangul.tab
減,감,xetexko-hanja_hangul.tab
功,공,xetexko-hanja_hangul.tab
偵,정,xetexko-hanja_hangul.tab
察,찰,xetexko-hanja_hangul.tab
密,밀,xetexko-hanja_hangul.tab
匹,필,xetexko-hanja_hangul.tab
壊,괴,xetexko-hanja_hangul.tab
排,배,xetexko-hanja_hangul.tab
完,완,xetexko-hanja_hangul.tab
技,기,xetexko-hanja_hangul.tab
造,조,xetexko-hanja_hangul.tab
単,단,xetexko-hanja_hangul.tab
独,독,xetexko-hanja_hangul.tab
比,비,xetexko-hanja_hangul.tab
誕,탄,xetexko-hanja_hangul.tab
尉,위,xetexko-hanja_hangul.tab
差,차,xetexko-hanja_hangul.tab
汎,범,xetexko-hanja_hangul.tab
縦,종,xetexko-hanja_hangul.tab
展,전,xetexko-hanja_hangul.tab
巡,순,xetexko-hanja_hangul.tab
航,항,xetexko-hanja_hangul.tab
鋭,예,xetexko-hanja_hangul.tab
邦,방,xetexko-hanja_hangul.tab
参,참,xetexko-hanja_hangul.tab
驚,경,xetexko-hanja_hangul.tab
異,이,xetexko-hanja_hangul.tab
呼,호,xetexko-hanja_hangul.tab
段,단,xetexko-hanja_hangul.tab
背,배,xetexko-hanja_hangul.tab
激,격,xetexko-hanja_hangul.tab
腕,완,xetexko-hanja_hangul.tab
兼,겸,xetexko-hanja_hangul.tab
脱,탈,xetexko-hanja_hangul.tab
素,소,xetexko-hanja_hangul.tab
瞬,순,xetexko-hanja_hangul.tab
置,치,xetexko-hanja_hangul.tab
熱,열,xetexko-hanja_hangul.tab
並,병,xetexko-hanja_hangul.tab
拡,확,xetexko-hanja_hangul.tab
散,산,xetexko-hanja_hangul.tab
収,수,xetexko-hanja_hangul.tab
納,납,xetexko-hanja_hangul.tab
彩,채,xetexko-hanja_hangul.tab
軌,궤,xetexko-hanja_hangul.tab
極,극,xetexko-hanja_hangul.tab
複,복,xetexko-hanja_hangul.tab
遅,지,xetexko-hanja_hangul.tab
法,법,xetexko-hanja_hangul.tab
隔,격,xetexko-hanja_hangul.tab
違,위,xetexko-hanja_hangul.tab
増,증,xetexko-hanja_hangul.tab
純,순,xetexko-hanja_hangul.tab
粋,수,xetexko-hanja_hangul.tab
継,계,xetexko-hanja_hangul.tab
障,장,xetexko-hanja_hangul.tab
壁,벽,xetexko-hanja_hangul.tab
久,구,xetexko-hanja_hangul.tab
過,과,xetexko-hanja_hangul.tab
約,약,xetexko-hanja_hangul.tab
総,총,xetexko-hanja_hangul.tab
師,사,xetexko-hanja_hangul.tab
超,초,xetexko-hanja_hangul.tab
至,지,xetexko-hanja_hangul.tab
換,환,xetexko-hanja_hangul.tab
為,위,xetexko-hanja_hangul.tab
属,속,xetexko-hanja_hangul.tab
束,속,xetexko-hanja_hangul.tab
盗,도,xetexko-hanja_hangul.tab
秘,비,xetexko-hanja_hangul.tab
搬,반,xetexko-hanja_hangul.tab
位,위,xetexko-hanja_hangul.tab
沈,침,xetexko-hanja_hangul.tab
腰,요,xetexko-hanja_hangul.tab
透,투,xetexko-hanja_hangul.tab
環,환,xetexko-hanja_hangul.tab
境,경,xetexko-hanja_hangul.tab
崩,붕,xetexko-hanja_hangul.tab
権,권,xetexko-hanja_hangul.tab
枚,매,xetexko-hanja_hangul.tab
蔵,장,xetexko-hanja_hangul.tab
寄,기,xetexko-hanja_hangul.tab
誘,유,xetexko-hanja_hangul.tab
鎌,겸,xetexko-hanja_hangul.tab
懐,회,xetexko-hanja_hangul.tab
砕,쇄,xetexko-hanja_hangul.tab
捕,포,xetexko-hanja_hangul.tab
与,여,xetexko-hanja_hangul.tab
垂,수,xetexko-hanja_hangul.tab
難,난,xetexko-hanja_hangul.tab
頻,빈,xetexko-hanja_hangul.tab
類,유,xetexko-hanja_hangul.tab
獣,수,xetexko-hanja_hangul.tab
包,포,xetexko-hanja_hangul.tab
証,정,xetexko-hanja_hangul.tab
扮,분,xetexko-hanja_hangul.tab
伝,전,xetexko-hanja_hangul.tab
民,민,xetexko-hanja_hangul.tab
将,장,xetexko-hanja_hangul.tab
駄,태,xetexko-hanja_hangul.tab
固,고,xetexko-hanja_hangul.tab
遙,요,xetexko-hanja_hangul.tab
彼,피,xetexko-hanja_hangul.tab
救,구,xetexko-hanja_hangul.tab
勇,용,xetexko-hanja_hangul.tab
魔,마,xetexko-hanja_hangul.tab
騎,기,xetexko-hanja_hangul.tab
剣,검,xetexko-hanja_hangul.tab
伸,신,xetexko-hanja_hangul.tab
縮,축,xetexko-hanja_hangul.tab
共,공,xetexko-hanja_hangul.tab
溜,유,xetexko-hanja_hangul.tab
逆,역,xetexko-hanja_hangul.tab
議,의,xetexko-hanja_hangul.tab
略,약,xetexko-hanja_hangul.tab
揚,양,xetexko-hanja_hangul.tab
提,제,xetexko-hanja_hangul.tab
璧,벽,xetexko-hanja_hangul.tab
盾,순,xetexko-hanja_hangul.tab
居,거,xetexko-hanja_hangul.tab
旗,기,xetexko-hanja_hangul.tab
劣,열,xetexko-hanja_hangul.tab
謎,미,xetexko-hanja_hangul.tab
項,항,xetexko-hanja_hangul.tab
条,조,xetexko-hanja_hangul.tab
件,건,xetexko-hanja_hangul.tab
復,복,xetexko-hanja_hangul.tab
順,순,xetexko-hanja_hangul.tab
系,계,xetexko-hanja_hangul.tab
続,속,xetexko-hanja_hangul.tab
到,도,xetexko-hanja_hangul.tab
率,솔,xetexko-hanja_hangul.tab
払,불,xetexko-hanja_hangul.tab
携,휴,xetexko-hanja_hangul.tab
適,적,xetexko-hanja_hangul.tab
像,상,xetexko-hanja_hangul.tab
尾,미,xetexko-hanja_hangul.tab
貫,관,xetexko-hanja_hangul.tab
頂,정,xetexko-hanja_hangul.tab
俺,엄,xetexko-hanja_hangul.tab
城,성,xetexko-hanja_hangul.tab
銃,총,xetexko-hanja_hangul.tab
筒,통,xetexko-hanja_hangul.tab
旋,선,xetexko-hanja_hangul.tab
輪,윤,xetexko-hanja_hangul.tab
斬,참,xetexko-hanja_hangul.tab
唐,당,xetexko-hanja_hangul.tab
割,할,xetexko-hanja_hangul.tab
串,곶,xetexko-hanja_hangul.tab
刺,자,xetexko-hanja_hangul.tab
炎,염,xetexko-hanja_hangul.tab
称,칭,xetexko-hanja_hangul.tab
没,몰,xetexko-hanja_hangul.tab
貯,저,xetexko-hanja_hangul.tab
蓄,축,xetexko-hanja_hangul.tab
疑,의,xetexko-hanja_hangul.tab
似,사,xetexko-hanja_hangul.tab
浅,천,xetexko-hanja_hangul.tab
瀬,뢰,xetexko-hanja_hangul.tab
別,별,xetexko-hanja_hangul.tab
摩,마,xetexko-hanja_hangul.tab
擦,찰,xetexko-hanja_hangul.tab
覚,각,xetexko-hanja_hangul.tab
険,험,xetexko-hanja_hangul.tab
害,해,xetexko-hanja_hangul.tab
吹,취,xetexko-hanja_hangul.tab
痛,통,xetexko-hanja_hangul.tab
郊,교,xetexko-hanja_hangul.tab
邪,사,xetexko-hanja_hangul.tab
静,정,xetexko-hanja_hangul.tab
沖,충,xetexko-hanja_hangul.tab
退,퇴,xetexko-hanja_hangul.tab
治,치,xetexko-hanja_hangul.tab
舞,무,xetexko-hanja_hangul.tab
宝,보,xetexko-hanja_hangul.tab
歳,세,xetexko-hanja_hangul.tab
許,허,xetexko-hanja_hangul.tab
景,경,xetexko-hanja_hangul.tab
資,자,xetexko-hanja_hangul.tab
撮,촬,xetexko-hanja_hangul.tab
鉱,광,xetexko-hanja_hangul.tab
浮,부,xetexko-hanja_hangul.tab
混,혼,xetexko-hanja_hangul.tab
嵐,남,xetexko-hanja_hangul.tab
盆,분,xetexko-hanja_hangul.tab
渡,도,xetexko-hanja_hangul.tab
渓,부,xetexko-hanja_hangul.tab
布,포,xetexko-hanja_hangul.tab
統,통,xetexko-hanja_hangul.tab
香,향,xetexko-hanja_hangul.tab
焦,초,xetexko-hanja_hangul.tab
末,말,xetexko-hanja_hangul.tab
竜,룡,xetexko-hanja_hangul.tab
叩,고,xetexko-hanja_hangul.tab
夢,몽,xetexko-hanja_hangul.tab
鷹,응,xetexko-hanja_hangul.tab
屑,설,xetexko-hanja_hangul.tab
逃,도,xetexko-hanja_hangul.tab
曹,조,xetexko-hanja_hangul.tab
令,영,xetexko-hanja_hangul.tab
隻,척,xetexko-hanja_hangul.tab
娘,낭,xetexko-hanja_hangul.tab
訓,훈,xetexko-hanja_hangul.tab
鹿,녹,xetexko-hanja_hangul.tab
栄,영,xetexko-hanja_hangul.tab
私,사,xetexko-hanja_hangul.tab
充,충,xetexko-hanja_hangul.tab
鈍,둔,xetexko-hanja_hangul.tab
掛,괘,xetexko-hanja_hangul.tab
留,유,xetexko-hanja_hangul.tab
際,제,xetexko-hanja_hangul.tab
便,변,xetexko-hanja_hangul.tab
僕,복,xetexko-hanja_hangul.tab
志,지,xetexko-hanja_hangul.tab
肌,기,xetexko-hanja_hangul.tab
触,촉,xetexko-hanja_hangul.tab
駆,구,xetexko-hanja_hangul.tab
任,임,xetexko-hanja_hangul.tab
務,무,xetexko-hanja_hangul.tab
還,환,xetexko-hanja_hangul.tab
従,종,xetexko-hanja_hangul.tab
箇,개,xetexko-hanja_hangul.tab
挑,도,xetexko-hanja_hangul.tab
隣,인,xetexko-hanja_hangul.tab
仮,가,xetexko-hanja_hangul.tab
挟,협,xetexko-hanja_hangul.tab
忘,망,xetexko-hanja_hangul.tab
棺,관,xetexko-hanja_hangul.tab
桶,통,xetexko-hanja_hangul.tab
扱,급,xetexko-hanja_hangul.tab
損,손,xetexko-hanja_hangul.tab
抑,억,xetexko-hanja_hangul.tab
嫌,혐,xetexko-hanja_hangul.tab
我,아,xetexko-hanja_hangul.tab
故,고,xetexko-hanja_hangul.tab
獲,획,xetexko-hanja_hangul.tab
慎,신,xetexko-hanja_hangul.tab
念,염,xetexko-hanja_hangul.tab
因,인,xetexko-hanja_hangul.tab
闇,암,xetexko-hanja_hangul.tab
裂,열,xetexko-hanja_hangul.tab
借,차,xetexko-hanja_hangul.tab
輸,수,xetexko-hanja_hangul.tab
響,향,xetexko-hanja_hangul.tab
傷,상,xetexko-hanja_hangul.tab
